dedupe_key,date_seen,company,title,location,score,recommendation,risk_groups,trigger_terms,url
,2026-09-11,Kuntarekry,Hankinta-asiantuntija,Vihdin kunta,54,Review,seniority risk,päällikkö,https://www.kuntarekry.fi/fi/tyopaikat/hankinta-asiantuntija-vih-05-9-26/
,2026-09-11,Valtiolle,Pääkirjanpitäjä,Valtion talous- ja henkilöstöhallinnon palvelukeskus Palkeet,100,Review,data / BI / analytics risk,etl,https://valtiolle.fi/fi/tyopaikat/paakirjanpitaja-24867/
,2026-09-11,Valtiolle,HR-suunnittelija,Verohallinto,37,Review,"seniority risk, domain experience risk","päällikkö, verohallinto, verotus",https://valtiolle.fi/fi/tyopaikat/hr-suunnittelija-24779/
,2026-09-18,Valtiolle,Johtava asiantuntija (teollisuuspolitiikka),Työ- ja elinkeinoministeriö,61,Review,seniority risk,"johtava asiantuntija, johtava",https://valtiolle.fi/fi/tyopaikat/johtava-asiantuntija-teollisuuspolitiikka-24761/
,2026-09-18,Valtiolle,"Talousasiantuntija, vt 5",Valtion talous- ja henkilöstöhallinnon palvelukeskus Palkeet,94,Review,"seniority risk, data / BI / analytics risk","päällikkö, etl",https://valtiolle.fi/fi/tyopaikat/talousasiantuntija-vt-5-24762/
finavia|hankintapäällikkö vantaa|vantaa,2026-09-23,Finavia,"Hankintapäällikkö, Vantaa","Hankintapäällikkö, Vantaa",28,Review,seniority risk,"johtava, päällikkö",https://finavia.rekrytointi.com/paikat/index.php?jid=1143&key=&o=A_RJ&rspvt=rsv0m931hn48skkokw0kc4csgg80sw4
?|veni energia service specialist project specialist asiakaspalvelu 2 paikkaa|tampere,2026-09-23,aTalent,"VENI Energia Service Specialist / Project Specialist, Asiakaspalvelu (2 paikkaa)","Tampere, Hämeenlinna",100,Review,"seniority risk, domain experience risk","johtava, sähkömarkkina, energia-ala",https://atalent.fi/open-position/veni-energia-service-specialist-project-specialist-asiakaspalvelu-2-paikkaa-383581
?|avoin hakemus hr konsultin työtehtäviin atalentille|helsinki,2026-09-23,aTalent,Avoin hakemus HR-konsultin työtehtäviin aTalentille,Helsinki,48,Review,,,https://atalent.fi/open-position/atalent-avoin-hakemus-hr-konsultin-tyotehtaviin-atalentille-169466
?|d365 ja power platform asiantuntija|vantaa,2026-09-23,Adecco,D365- ja Power Platform asiantuntija,Vantaa,31,Review,"seniority risk, data / BI / analytics risk","johtava, power bi,  bi ",https://recruitment.fi.adecco.com/jobs/8366376-d365-ja-power-platform-asiantuntija
?|senior financial controller|helsinki,2026-09-23,Adiente,Senior Financial Controller,Helsinki,51,Review,payroll / TE domain,palkanlaskenta,https://ats.talentadore.com/apply/senior-financial-controller/ZAYBvW
verohallinto|toiminnallinen asiantuntija vt 12|verohallinto,2026-09-25,Valtiolle,"Toiminnallinen asiantuntija, vt.12",Verohallinto,44,Review,"seniority risk, domain experience risk","johtava asiantuntija, johtava, päällikkö, verohallinto, verotus",https://valtiolle.fi/fi/tyopaikat/toiminnallinen-asiantuntija-vt.12-25072/
verohallinto|pääanalyytikko vt 14|verohallinto,2026-09-25,Valtiolle,"Pääanalyytikko, vt.14",Verohallinto,78,Review,"domain experience risk, data / BI / analytics risk","verohallinto, sql, databricks, analytiikka",https://valtiolle.fi/fi/tyopaikat/paaanalyytikko-vt.14-25086/
lupa- ja valvontavirasto|erityisasiantuntija työsuojelu|lupa- ja valvontavirasto,2026-09-25,Valtiolle,Erityisasiantuntija (työsuojelu),Lupa- ja valvontavirasto,71,Review,"seniority risk, payroll / TE domain, data / BI / analytics risk","päällikkö, lainsäädäntö, power bi,  bi ",https://valtiolle.fi/fi/tyopaikat/erityisasiantuntija-tyosuojelu-24415/
?|asro jr project manager space microscope projects|turku,2026-10-02,aTalent,"ASRO Jr. Project Manager, space microscope projects",Turku,100,Review,seniority risk,"manager, director",https://atalent.fi/open-position/asro-jr-project-manager-space-microscope-projects-386694
"?|rekrytointikonsultti freelancer|· fully remote rekrytointikonsultti (freelancer) haemme suomen parhaita tai sellaisiksi haluavia headhuntereita tiimiimme! hae tästä! ict direct on 2013 perustettu, suomen johtava it- ja teknologia-alan osaajien ja johtajien rekrytointiyritys. autamme suomalaisia ja ruotsalaisia yrityksiä täyttämään heidän henkilöstötarpeitaan. suorahaku on yhä ylivoimainen keino saada valintaprosessiin mukaan markkinoiden parhaat osaajat. yli 200 asiakkaamme joukkoon kuuluu kaikenkokoisia yrityksiä parin hengen start-upeista kansainvälisiin pörssiyrityksiin, mm. posti, lähitapiola, mandatum life, attendo, vtt, destia, kone, pwc, oriola, scania, csc, metsähallitus, dna, edita, andritz jne. suomen lisäksi toimimme ruotsissa ja intiassa. covid opetti, että työskentelemme tehokkaasti pääasiassa etänä ympäri maailmaa. suomen talous on nyt heräämässä, asiakkaamme ovat aktivoituneet, ja bisneksemme on lähtenyt kovaan kasvuun! tarvitsemme nyt omaan tiimiimme rekrytointikonsultteja (freelancer) tuottamaan asiakkaillemme suomen parhaita rekrytointipalveluja. tehtävänäsi on vastata itsenäisesti myyntitiimimme hankkimista asiakastoimeksiannoista ict direct:n prosessien ja korkeiden laatukriteerien mukaan. olet jo kokenut ammattilainen ja tiedät, että menestyt yrittäjänä tai kevytyrittäjänä freelance-pohjalla. huolehdit osaltasi sekä asiakas- että ehdokastyytyväisyydestä. voit laittaa halutessasi myös myyntipipon päähän. tärkeimmät tehtäväsi projekteissa kartoitat yhdessä myyntitiimimme kanssa, mistä toimeksiannon mukaiseen tehtävään löytyy osaajia, kontaktoit heitä ja myyt tehtävän. valitset yhdessä asiakasvastaavan myyjän kanssa jatkoon menijät, haastattelet valitut kandidaatit, valmistat tarvittavan dokumentaation, ja esittelet soveltuvimmat ehdokkaat asiakkaalle. pidät huolta rekrytointiprojektien etenemisestä sovitulla tavalla ja kommunikoit aktiivisesti sekä sisäisille että ulkoisille sidosryhmille projektien etenemisestä. vastaat omista projekteistasi alusta loppuun: tehtävämäärityksestä työsopimukseen. tehtäviisi kuuluu myös yhteistyö intiassa ja ruotsissa sijaitsevien tytäryhtiöidemme työntekijöiden kanssa. mitä tarjoamme sinulle saat tehdä töitä it- ja teknologia-alan ammattilaisten kansa. myyntirajapinnassa olevat kokeneet ammattilaisemme ovat tukenasi kymmenien vuosien omakohtaisella kokemuksella it-johtajina. tarjoamme osaavan, kannustavan ja välittävän työyhteisön, joka tukee viihtymistäsi ja kehittymistäsi. teet työtäsi alan viimeisintä huutoa olevilla työkaluilla. voit työskennellä etänä missä päin maailmaa itse parhaaksi näet. mahdollisuuden erinomaiseen, tuloksiin perustuvan ansiotasoon. mitä odotamme sinulta aiempaa kokemus suorahauista. it- ja teknologia-alan johtajien ja osaajien rekrytointi on iso plussa, mutta jos olet menestynyt toisenlaisten profiilien metsästyksessä, opit kyllä! yleistä yritysten toimintojen tuntemusta. rekrytointikonsultin pitää ymmärtää asiakkaan liiketoimintaa ja rekrytoitavien työnkuva. menestymisen janoa. sujuvaa suullista ja kirjallista suomen sekä englannin kielen taitoa. ruotsin taito on iso plussa. oma-aloitteisuutta ja itsenäistä työskentelyotetta jos innostuit ja uskot menestyväsi, lähetäthän cv:si ja hakemuksesi mahdollisimman pian. aloitamme haastattelut jo hakuajan kuluessa. odotamme hakemustasi viimeistään 23.9.2024 lisätietoja tehtävästä voit kysäistä ilpo järvenpäältä, 050 548 5651, ilpo.jarvenpaa@ictdirect.io company ict direct role recruiting locations multiple locations",2026-10-02,ICT DIRECT,Rekrytointikonsultti (freelancer),"· Fully Remote Rekrytointikonsultti (freelancer) Haemme Suomen parhaita tai sellaisiksi haluavia headhuntereita tiimiimme! Hae tästä! ICT DIRECT on 2013 perustettu, Suomen johtava IT- ja teknologia-alan osaajien ja johtajien rekrytointiyritys. Autamme suomalaisia ja ruotsalaisia yrityksiä täyttämään heidän henkilöstötarpeitaan. Suorahaku on yhä ylivoimainen keino saada valintaprosessiin mukaan markkinoiden parhaat osaajat. Yli 200 asiakkaamme joukkoon kuuluu kaikenkokoisia yrityksiä parin hengen start-upeista kansainvälisiin pörssiyrityksiin, mm. Posti, LähiTapiola, Mandatum Life, Attendo, VTT, Destia, KONE, PwC, Oriola, Scania, CSC, Metsähallitus, DNA, Edita, Andritz jne. Suomen lisäksi toimimme Ruotsissa ja Intiassa. Covid opetti, että työskentelemme  tehokkaasti pääasiassa etänä ympäri maailmaa. Suomen talous on nyt heräämässä, asiakkaamme ovat aktivoituneet, ja bisneksemme on lähtenyt kovaan kasvuun! Tarvitsemme nyt omaan tiimiimme REKRYTOINTIKONSULTTEJA (freelancer) tuottamaan asiakkaillemme Suomen parhaita rekrytointipalveluja. Tehtävänäsi on vastata itsenäisesti myyntitiimimme hankkimista asiakastoimeksiannoista ICT DIRECT:n prosessien ja korkeiden laatukriteerien mukaan. Olet jo kokenut ammattilainen ja tiedät, että menestyt yrittäjänä tai kevytyrittäjänä freelance-pohjalla. Huolehdit osaltasi sekä asiakas- että ehdokastyytyväisyydestä. Voit laittaa halutessasi myös myyntipipon päähän. Tärkeimmät tehtäväsi projekteissa Kartoitat yhdessä myyntitiimimme      kanssa, mistä toimeksiannon mukaiseen tehtävään löytyy osaajia, kontaktoit      heitä ja myyt tehtävän. Valitset yhdessä asiakasvastaavan myyjän      kanssa jatkoon menijät, haastattelet valitut kandidaatit, valmistat      tarvittavan dokumentaation, ja esittelet soveltuvimmat ehdokkaat      asiakkaalle. Pidät huolta rekrytointiprojektien      etenemisestä sovitulla tavalla ja kommunikoit aktiivisesti sekä sisäisille      että ulkoisille sidosryhmille projektien etenemisestä. Vastaat omista projekteistasi alusta      loppuun: tehtävämäärityksestä työsopimukseen. Tehtäviisi kuuluu myös yhteistyö      Intiassa ja Ruotsissa sijaitsevien tytäryhtiöidemme työntekijöiden kanssa. Mitä tarjoamme sinulle Saat tehdä töitä IT- ja      teknologia-alan ammattilaisten kansa. Myyntirajapinnassa olevat kokeneet      ammattilaisemme ovat tukenasi kymmenien vuosien omakohtaisella      kokemuksella IT-johtajina. Tarjoamme osaavan, kannustavan ja      välittävän työyhteisön, joka tukee viihtymistäsi ja kehittymistäsi. Teet työtäsi alan viimeisintä huutoa      olevilla työkaluilla. Voit työskennellä etänä missä päin      maailmaa itse parhaaksi näet. Mahdollisuuden erinomaiseen, tuloksiin      perustuvan ansiotasoon. Mitä odotamme Sinulta Aiempaa kokemus suorahauista. IT- ja      teknologia-alan johtajien ja osaajien rekrytointi on iso plussa, mutta jos      olet menestynyt toisenlaisten profiilien metsästyksessä, opit kyllä! Yleistä yritysten toimintojen      tuntemusta. Rekrytointikonsultin pitää ymmärtää asiakkaan liiketoimintaa      ja rekrytoitavien työnkuva. Menestymisen janoa. Sujuvaa suullista ja kirjallista suomen      sekä englannin kielen taitoa. Ruotsin taito on iso plussa. Oma-aloitteisuutta ja itsenäistä      työskentelyotetta Jos innostuit ja uskot menestyväsi, lähetäthän CV:si ja hakemuksesi mahdollisimman pian. Aloitamme haastattelut jo hakuajan kuluessa. Odotamme hakemustasi viimeistään 23.9.2024 Lisätietoja tehtävästä voit kysäistä Ilpo Järvenpäältä, 050 548 5651, ilpo.jarvenpaa@ictdirect.io Company ICT DIRECT Role Recruiting Locations Multiple locations",52,Review,"seniority risk, sales / commercial","johtava, manager, myynti",https://careers.ictdirect.io/jobs/4891739-rekrytointikonsultti-freelancer
assa abloy entrance systems finland|myynti ja tuoteasiantuntija assa abloy entrance systems finland oy|vantaa,2026-10-02,Adiente,"Myynti- ja tuoteasiantuntija, ASSA ABLOY Entrance Systems Finland Oy",Vantaa,41,Review,"seniority risk, sales / commercial","johtava, päällikkö, myynti",https://ats.talentadore.com/apply/myynti-ja-tuoteasiantuntija-assa-abloy-entrance-systems-finland-oy/mexYAx
navigator partners|senior financial controller|helsinki,2026-10-02,Adiente,Senior Financial Controller,Helsinki,51,Review,payroll / TE domain,palkanlaskenta,https://ats.talentadore.com/apply/senior-financial-controller/ZAYBvW
